"ID","Description","GeneRatio","BgRatio","RichFactor","FoldEnrichment","zScore","pvalue","p.adjust","qvalue","geneID","Count","ontology"
"GO:0005886","plasma membrane","69/224","161/777",0.428571428571429,1.48660714285714,4.41055625470223,1.27444547986191e-05,0.0166442579669966,0.0161653347708801,"g1074/g1133/g1173/g1240/g1343/g1399/g1404/g1407/g1427/g145/g1509/g151/g1510/g1560/g1561/g1624/g1660/g1671/g1673/g1689/g1718/g173/g1734/g1833/g1880/g1882/g190/g1900/g192/g2046/g2085/g209/g2176/g2399/g2425/g2440/g2452/g2469/g2476/g2496/g2501/g2524/g2529/g264/g291/g295/g34/g346/g368/g404/g418/g507/g523/g535/g57/g589/g592/g595/g626/g632/g642/g686/g73/g770/g771/g800/g84/g892/g899",69,"BP"
