"ID","Description","GeneRatio","BgRatio","RichFactor","FoldEnrichment","zScore","pvalue","p.adjust","qvalue","geneID","Count","ontology"
"GO:0044445","GO:0044445","12/94","26/777",0.461538461538462,3.81505728314239,5.41300437040899,1.14967385336064e-05,0.0119910982905515,0.0114725348735357,"g1466/g1479/g1509/g1510/g1787/g1832/g2002/g2004/g2321/g2476/g2501/g592",12,"CC"
"GO:0022626","cytosolic ribosome","10/94","21/777",0.476190476190476,3.93617021276596,5.05724989055931,4.81850558683718e-05,0.0248470494699307,0.023772521468935,"g1466/g1479/g1787/g1832/g2002/g2004/g2321/g2476/g2501/g592",10,"CC"
"GO:1990904","ribonucleoprotein complex","16/94","49/777",0.326530612244898,2.69908814589666,4.55546480714975,7.1468023403444e-05,0.0248470494699307,0.023772521468935,"g1238/g1466/g1479/g1787/g1832/g2002/g2004/g2321/g2476/g2485/g2501/g592/g798/g997/g998/g999",16,"CC"
"GO:0006457","protein folding","8/94","15/777",0.533333333333333,4.40851063829787,4.94216491485406,0.000108375669612872,0.0282589558515563,0.0270368775771059,"g1509/g1510/g154/g1795/g201/g2120/g592/g626",8,"BP"
"GO:0005840","ribosome","11/94","28/777",0.392857142857143,3.24734042553191,4.4904659379292,0.000171324904218701,0.0357383750200211,0.034192844041964,"g1466/g1479/g1787/g1832/g2002/g2004/g2321/g2476/g2501/g592/g798",11,"BP"
